{
    "model": "o4-mini-2025-04-16",
    "info-accessibility-has_z_mean": 0.22839506172839505,
    "info-accessibility-has_z_worst_case": 0.4703703703703704
}