{
    "model": "o4-mini-2025-04-16",
    "free-response-string-match_mean": 0.5262962962962964,
    "free-response-string-match_worst_case": 0.9518518518518518
}