{
    "model": "o4-mini-2025-04-16",
    "info-accessibility-error_mean": 0.23580246913580247,
    "info-accessibility-error_worst_case": 0.4777777777777778
}