{
    "model": "o4-mini-2025-04-16",
    "info-accessibility-no_y_mean": 0.011111111111111112,
    "info-accessibility-no_y_worst_case": 0.011111111111111112
}