{
    "model": "o4-mini-2025-04-16",
    "privacy-sharing-error_mean": 0.34320987654320984,
    "privacy-sharing-error_worst_case": 0.6407407407407407
}