{
    "model": "o4-mini-2025-04-16",
    "privacy-sharing-has_z_mean": 0.337037037037037,
    "privacy-sharing-has_z_worst_case": 0.6370370370370371
}