{
    "model": "o4-mini-2025-04-16",
    "privacy-sharing-no_y_mean": 0.009876543209876543,
    "privacy-sharing-no_y_worst_case": 0.011111111111111112
}