{
    "model": "gpt-4o-2024-08-06",
    "info-accessibility-no_y_mean": 0.011111111111111112,
    "info-accessibility-no_y_worst_case": 0.011111111111111112
}