{
    "model": "gpt-4o-2024-08-06",
    "info-accessibility-error_mean": 0.10864197530864197,
    "info-accessibility-error_worst_case": 0.22592592592592592
}