{
    "model": "gpt-4o-2024-08-06",
    "free-response-string-match_mean": 0.4992592592592593,
    "free-response-string-match_worst_case": 0.9333333333333333
}