{
    "model": "gpt-4o-2024-08-06",
    "privacy-sharing-has_z_mean": 0.03827160493827161,
    "privacy-sharing-has_z_worst_case": 0.09259259259259259
}