{
    "model": "gpt-4o-2024-08-06",
    "info-accessibility-has_z_mean": 0.10123456790123456,
    "info-accessibility-has_z_worst_case": 0.21851851851851853
}