{
    "model": "deepseek-chat",
    "info-accessibility-has_z_mean": 0.5246913580246914,
    "info-accessibility-has_z_worst_case": 0.7888888888888889
}