{
    "model": "deepseek-chat",
    "info-accessibility-error_mean": 0.5271604938271605,
    "info-accessibility-error_worst_case": 0.7888888888888889
}