{
    "model": "deepseek-chat",
    "privacy-sharing-has_z_mean": 0.5641975308641974,
    "privacy-sharing-has_z_worst_case": 0.8185185185185185
}