{
    "model": "deepseek-chat",
    "privacy-sharing-no_y_mean": 0.003703703703703704,
    "privacy-sharing-no_y_worst_case": 0.007407407407407408
}