{
    "model": "deepseek-chat",
    "info-accessibility-no_y_mean": 0.003703703703703704,
    "info-accessibility-no_y_worst_case": 0.007407407407407408
}