{
    "model": "gpt-3.5-turbo",
    "info-accessibility-error_mean": 0.15802469135802472,
    "info-accessibility-error_worst_case": 0.3074074074074074
}