{
    "model": "gpt-3.5-turbo",
    "info-accessibility-no_y_mean": 0.011111111111111112,
    "info-accessibility-no_y_worst_case": 0.011111111111111112
}