{
    "model": "deepseek-reasoner",
    "info-accessibility-no_y_mean": 0.0012345679012345679,
    "info-accessibility-no_y_worst_case": 0.003703703703703704
}