{
    "model": "deepseek-reasoner",
    "privacy-sharing-has_z_mean": 0.9444444444444444,
    "privacy-sharing-has_z_worst_case": 0.9962962962962963
}