{
    "model": "claude-3-7-sonnet-20250219",
    "info-accessibility-has_z_mean": 0.9308641975308642,
    "info-accessibility-has_z_worst_case": 0.9888888888888889
}