{
    "model": "claude-3-7-sonnet-20250219",
    "info-accessibility-error_mean": 0.9308641975308642,
    "info-accessibility-error_worst_case": 0.9888888888888889
}