{
    "model": "claude-3-7-sonnet-20250219",
    "privacy-sharing-no_y_mean": 0.0012345679012345679,
    "privacy-sharing-no_y_worst_case": 0.003703703703703704
}